[
{
  "model": "musics.artist",
  "pk": 1,
  "fields": {
    "name": "\uc544\uc774\uc720"
  }
},
{
  "model": "musics.artist",
  "pk": 2,
  "fields": {
    "name": "10cm"
  }
},
{
  "model": "musics.artist",
  "pk": 3,
  "fields": {
    "name": "G-Dragon"
  }
},
{
  "model": "musics.music",
  "pk": 1,
  "fields": {
    "artist": 3,
    "title": "\uadf8 xx"
  }
},
{
  "model": "musics.music",
  "pk": 2,
  "fields": {
    "artist": 1,
    "title": "\ubc24\ud3b8\uc9c0"
  }
},
{
  "model": "musics.music",
  "pk": 3,
  "fields": {
    "artist": 3,
    "title": "Black"
  }
},
{
  "model": "musics.music",
  "pk": 4,
  "fields": {
    "artist": 2,
    "title": "\ubd04\uc774 \uc88b\ub0d0??"
  }
},
{
  "model": "musics.music",
  "pk": 5,
  "fields": {
    "artist": 2,
    "title": "\uc548\uc544\uc918\uc694"
  }
},
{
  "model": "musics.music",
  "pk": 6,
  "fields": {
    "artist": 1,
    "title": "\uc6b0\uc6b8\uc2dc\uacc4"
  }
},
{
  "model": "musics.music",
  "pk": 7,
  "fields": {
    "artist": 1,
    "title": "\ubbf8\uc544"
  }
},
{
  "model": "musics.comment",
  "pk": 1,
  "fields": {
    "music": 1,
    "content": "\uadf8\uc49c\ub07c \ubcf4\ub2e4 \ub0b4\uac00 \ubabb\ud55c\uac8c \ubaa8\uc591?"
  }
},
{
  "model": "musics.comment",
  "pk": 2,
  "fields": {
    "music": 3,
    "content": "Nae simjangui saekkkareun black\r\nSikeomeoke tabeoryeo just like that\r\nTeumman namyeon yurireul kkaebusugo\r\nPiga nan soneul bogo nan wae ireolkka wae"
  }
},
{
  "model": "musics.comment",
  "pk": 3,
  "fields": {
    "music": 5,
    "content": "\ubb50\uc57c;"
  }
},
{
  "model": "musics.comment",
  "pk": 4,
  "fields": {
    "music": 4,
    "content": "\uaf43\uac00\ub8e8"
  }
},
{
  "model": "musics.comment",
  "pk": 5,
  "fields": {
    "music": 6,
    "content": "\uc885\ud604 TT"
  }
},
{
  "model": "musics.comment",
  "pk": 6,
  "fields": {
    "music": 7,
    "content": "\ubbf8\uc554\ub9c8"
  }
},
{
  "model": "musics.comment",
  "pk": 7,
  "fields": {
    "music": 3,
    "content": "\uc81c\ub2c8"
  }
},
{
  "model": "musics.comment",
  "pk": 8,
  "fields": {
    "music": 2,
    "content": "\ub0ae\ud3b8\uc9c0"
  }
},
{
  "model": "musics.comment",
  "pk": 9,
  "fields": {
    "music": 3,
    "content": "\ud751\uc778"
  }
},
{
  "model": "musics.comment",
  "pk": 10,
  "fields": {
    "music": 6,
    "content": "\ud751"
  }
},
{
  "model": "musics.comment",
  "pk": 11,
  "fields": {
    "music": 7,
    "content": "lost"
  }
},
{
  "model": "musics.comment",
  "pk": 12,
  "fields": {
    "music": 2,
    "content": "\ud558\ud558"
  }
},
{
  "model": "musics.comment",
  "pk": 13,
  "fields": {
    "music": 4,
    "content": "\ub139 \ud750\ud750"
  }
},
{
  "model": "musics.comment",
  "pk": 14,
  "fields": {
    "music": 1,
    "content": "\uadf8\uc49c\ub07c \ubcf4\ub2e4\ub0b4\uac00\ubabb\ud55c\uac8c \ubaa8\uc591"
  }
},
{
  "model": "musics.comment",
  "pk": 15,
  "fields": {
    "music": 5,
    "content": "\uc2dc\ub7ec\uc6a9"
  }
}
]
